﻿Designator,Footprint,Quantity,Value,LCSC Part #
BT1,JST_PH_B2B-PH-SM4-TB_1x02-1MP_P2.00mm_Vertical,1,LiPo,C160352
"C1, C13, C5, C6",0402,4,4.7uF,C23733
"C10, C3, C8, C9",0402,4,100nF,C60474
"C11, C12",0402,2,56pF,C107007
"C14, C15",0402,2,10uF,C315248
"C2, C7",0603,2,47uF,C140782
C4,0402,1,15pF,C1548
"D1, D3",0402,2,LED,C779449
D2,D_SOD-323,1,BAT60B,C7502695
FB1,0402,1,120R/0.7A,C88970
"J1, J2",1909763-1,2,GPS,C392444
J3,SMN-304,1,SIM_Card_Shielded,C266889
J4,USB_C_Receptacle_HRO_TYPE-C-31-M-17,1,USB_C_Receptacle_PowerOnly_6P,C283540
L1,0402,1,68n 200mA,C391307
Q1,SC-89,1,RE1C002UNTCL,C509959
Q2,SOT-23,1,AO3401A,C15127
"R1, R10, R3, R4, R6",0402,5,100k,C25741
"R11, R12, R2, R5, R8, R9",0402,6,5.1k,C25905
R7,0402,1,249k,C11425
SW1,MK-12C02-G020,1,ON/OFF,C2911519
U1,Nordic_nRF9160-SIxx_LGA-102-59EP_16.0x10.5mm_P0.5mm,1,nRF9160-SICA,C1518973
U2,TDFN-4-1.2x1.6,1,SIP32409DNP,C145277
U3,WSON-8-1EP_6x5mm_P1.27mm_EP3.4x4.3mm,1,W25Q128JVP,C190862
U4,LGA-12_2x2mm_P0.5mm,1,LIS2DH12TR,C110926
U5,VCF0007A-MFG,1,TPSM828438,C44545617
U6,SOIC-8-1EP_3.9x4.9mm_P1.27mm_EP2.41x3.3mm_ThermalVias,1,TP4056-42-ESOP8,C16581
